{"cameraMode":{"drawMode":0,"name":"Shaded","section":"Shading Mode"},"sceneLighting":true,"audioPlay":false,"sceneViewState":{"showFog":true,"showMaterialUpdate":true,"showSkybox":true,"showFlares":true,"showImageEffects":true,"showParticleSystems":true},"in2DMode":false,"pivot":{"x":247.61737060546876,"y":1.837214708328247,"z":-42.69337463378906},"rotation":{"x":0.09846307337284088,"y":-0.6605724096298218,"z":0.08800657838582993,"w":0.739058256149292},"size":3.066025733947754,"orthographic":false}