{"cameraMode":{"drawMode":0,"name":"Shaded","section":"Shading Mode"},"sceneLighting":false,"audioPlay":false,"sceneViewState":{"showFog":true,"showMaterialUpdate":true,"showSkybox":false,"showFlares":true,"showImageEffects":true,"showParticleSystems":true},"in2DMode":false,"pivot":{"x":3.2009098529815676,"y":0.3594118356704712,"z":-3.203385829925537},"rotation":{"x":0.1761539876461029,"y":-0.36543822288513186,"z":0.07064010947942734,"w":0.9112838506698608},"size":8.243091583251954,"orthographic":false}